{"Currency":0.6331634521484375,"Time":5.164558410644531}