{"Currency":6.016915798187256,"Time":7.735574722290039}