{"Currency":7.4726996421813969,"Time":4159.07861328125}